{
    "train": {
        "MAE": 3950.379788829002,
        "RMSE": 6988.960281611788,
        "R2": 0.9643901003763691
    },
    "test": {
        "MAE": 10193.749268677357,
        "RMSE": 17306.583891325834,
        "R2": 0.7922727946069763
    }
}